ip,domain,archive,comms
,dailynewsandsports.com,https://web.archive.org/web/20130526130749/http://dailynewsandsports.com/,https://web.archive.org/web/20130823154922/http://dailynewsandsports.com/testmeter.jar
,headlines2day.com,https://web.archive.org/web/20110201164741/https://www.headlines2day.com/,https://web.archive.org/web/20110201165347/http://www.headlines2day.com/today.jar
,inews-today.com,https://web.archive.org/web/20110125190345/http://inews-today.com/,https://web.archive.org/web/20110201140115/http://inews-today.com/headlines.jar
,iranfootballsource.com,https://web.archive.org/web/20110202091611/http://iranfootballsource.com/,https://web.archive.org/web/20110202091901/http://iranfootballsource.com/futbol.js
,iraniangoalkicks.com,https://web.archive.org/web/20080211111124/http://iraniangoalkicks.com/,https://web.archive.org/web/20110202091917/http://iraniangoalkicks.com/clamping.jar
,iraniangoals.com,https://web.archive.org/web/20090411072857/http://iraniangoals.com/,https://web.archive.org/web/20110202091909/http://iraniangoals.com/journal.js
,just-kidding-news.com,https://web.archive.org/web/20110207134507/http://just-kidding-news.com/,https://web.archive.org/web/20120126091116*/http://just-kidding-news.com/jokes.jar
,mynewscheck.com,https://web.archive.org/web/20110208211139/http://mynewscheck.com/,https://web.archive.org/web/20110208211158/http://mynewscheck.com/world.jar
,rastadirect.net,https://web.archive.org/web/20100429002010/http://rastadirect.net/,https://web.archive.org/web/20110106225504/http://rastadirect.net/africa.jar
,todaysengineering.com,https://web.archive.org/web/20110228051404/http://todaysengineering.com/,https://web.archive.org/web/20110228051404/https://secure.todaysengineering.com/cgi-bin/engineer.cgi
62.22.60.49,telecom-headlines.com,https://web.archive.org/web/20110202010914/http://telecom-headlines.com/,https://web.archive.org/web/20110202011432/http://telecom-headlines.com/situation.js
62.22.60.52,collectedmedias.com,https://web.archive.org/web/20110208064948/http://collectedmedias.com/,https://web.archive.org/web/20110208065035/http://collectedmedias.com/livestory.js
62.22.60.55,thefilmcentre.com,https://web.archive.org/web/20110202144854/http://thefilmcentre.com/,https://web.archive.org/web/20110202144926/http://thefilmcentre.com/modernfilm.js
62.22.61.202,bailsnboots.com,https://web.archive.org/web/20110201234149/http://bailsnboots.com/,https://web.archive.org/web/20110201234514/http://bailsnboots.com/bailsnboots.swf
62.22.61.203,the-cricketer-online.com,https://web.archive.org/web/20110202124357/http://the-cricketer-online.com/,https://web.archive.org/web/20110202124706/http://the-cricketer-online.com/cricketer.jar
62.22.61.204,hollywoodscreen.net,https://web.archive.org/web/20110106082200/http://hollywoodscreen.net/,https://web.archive.org/web/20110106082232/http://hollywoodscreen.net/current.js
62.22.61.206,worldnewsnetworking.com,https://web.archive.org/web/20110210043738/http://worldnewsnetworking.com/,https://web.archive.org/web/20110210043750/http://worldnewsnetworking.com/wnn.jar
62.22.61.212,nuestrasfinanzas.com,https://web.archive.org/web/20110128201657/http://nuestrasfinanzas.com/,https://web.archive.org/web/20110128201702/http://nuestrasfinanzas.com/ads.jar
62.22.61.217,court-masters.com,https://web.archive.org/web/20110128080659/http://court-masters.com/,https://web.archive.org/web/20110129003221*/http://court-masters.com/rumors.jar
62.22.61.219,allworldstatistics.com,https://web.archive.org/web/20110207151749/http://allworldstatistics.com/,https://web.archive.org/web/20110207151920/http://allworldstatistics.com/international.js
64.16.204.55,holein1news.com,https://web.archive.org/web/20101007201100/http://holein1news.com/,https://web.archive.org/web/20110207142541/http://holein1news.com/standings.jar
64.16.204.58,tech-topix.com,https://web.archive.org/web/20130620211952/http://tech-topix.com/,https://web.archive.org/web/20130620211952/https://ssl.tech-topix.com/cgi-bin/tech.cgi
65.61.127.163,capture-nature.com,https://web.archive.org/web/20110201104659/http://capture-nature.com/,https://web.archive.org/web/20110201104851/http://capture-nature.com/Scenes.jar
65.61.127.166,globalnewsbulletin.com,https://web.archive.org/web/20110129013701/http://globalnewsbulletin.com/,https://web.archive.org/web/20110129013701/https://secure.globalnewsbulletin.com/cgi-bin/index.cgi
65.61.127.169,crossovernews.net,https://web.archive.org/web/20111014003640/http://www.crossovernews.net/,https://web.archive.org/web/20111014003646/http://www.crossovernews.net/basketball.jar
65.61.127.174,dedrickonline.com,https://web.archive.org/web/20101211095158/http://www.dedrickonline.com/,https://web.archive.org/web/20130909110245/http://dedrickonline.com/newsflash.js
65.61.127.175,altworldnews.com,https://web.archive.org/web/20130501234310/http://altworldnews.com:80/,https://web.archive.org/web/20130501234310/https://secure.altworldnews.com/cgi-bin/desk.cgi
65.61.127.178,tee-shot.net,https://web.archive.org/web/20110107045521/http://tee-shot.net/,https://web.archive.org/web/20110107045740/http://tee-shot.net/tee-shot.swf
65.61.127.182,pangawana.com,https://web.archive.org/web/20110203201604/http://pangawana.com/,https://web.archive.org/web/20110203201745/http://pangawana.com/communication.js
65.61.127.183,cutabovenews.com,https://web.archive.org/web/20110130195721/http://cutabovenews.com/,https://web.archive.org/web/20110130195813/http://cutabovenews.com/images.js
65.61.127.184,worldwildlifeadventure.com,https://web.archive.org/web/20110210092954/http://worldwildlifeadventure.com/,https://web.archive.org/web/20110210093209/http://worldwildlifeadventure.com/webspeed.jar
65.61.127.186,explorealtmeds.com,https://web.archive.org/web/20130703034015/http://explorealtmeds.com/,https://web.archive.org/web/20130703034015oe_/http://explorealtmeds.com/med.jar
66.45.179.192,thegraceofislam.com,https://web.archive.org/web/20110202163201/http://thegraceofislam.com/,https://web.archive.org/web/20110202163201/https://secure.thegraceofislam.com/cgi-bin/history.cgi
66.45.179.194,raulsonsglobalnews.com,https://web.archive.org/web/20110202135422/http://raulsonsglobalnews.com/,https://web.archive.org/web/20110202135451/http://raulsonsglobalnews.com/Current.jar
66.45.179.199,attivitaestremi.com,https://web.archive.org/web/20110128162039/http://attivitaestremi.com/,https://web.archive.org/web/20110128162039/https://secure.attivitaestremi.com/cgi-bin/windsurfing.cgi
66.45.179.201,hitthepavementnow.com,https://web.archive.org/web/20110208151258/http://hitthepavementnow.com/,https://web.archive.org/web/20110208151258/https://secure.hitthepavementnow.com/cgi-bin/running.cgi
66.45.179.203,noticiascontinental.com,https://web.archive.org/web/20110128170145/http://noticiascontinental.com/,https://web.archive.org/web/20110128170145/https://secure.noticiascontinental.com/cgi-bin/bra.cgi
66.45.179.205,noticiasporjanua.com,https://web.archive.org/web/20110128170452/http://noticiasporjanua.com/,https://web.archive.org/web/20110128170510/http://noticiasporjanua.com/noticias.jar
66.45.179.206,podisticamondiale.com,https://web.archive.org/web/20101009032531/http://podisticamondiale.com/,https://web.archive.org/web/20110208042318/http://podisticamondiale.com/running.jar
66.45.179.207,reflectordenoticias.com,https://web.archive.org/web/20110202151317/http://reflectordenoticias.com/,https://web.archive.org/web/20110202151532/http://reflectordenoticias.com/globe.jar
66.45.179.208,havenofgamerz.com,https://web.archive.org/web/20110207193330/http://havenofgamerz.com/,https://web.archive.org/web/20110207193352/https://secure.havenofgamerz.com/cgi-bin/top.cgi
66.45.179.210,sa-michigan.com,https://web.archive.org/web/20110208053653/http://sa-michigan.com/,https://web.archive.org/web/20110208053935/http://sa-michigan.com/speed.jar
66.45.179.211,absolutebearing.net,https://web.archive.org/web/20101229102258/http://absolutebearing.net/,https://web.archive.org/web/20101229102258/https://aboard.absolutebearing.net/cgi-bin/board.cgi
66.45.179.213,myportaltonews.com,https://web.archive.org/web/20110209072318/http://myportaltonews.com/,https://web.archive.org/web/20110209072349/http://myportaltonews.com/mp2news.js
66.45.179.214,investmentintellect.com,https://web.archive.org/web/20110202083352/http://investmentintellect.com/,https://web.archive.org/web/20110202083452/http://investmentintellect.com/funds.jar
66.45.179.215,nigeriastar.net,https://web.archive.org/web/20110106181451/http://nigeriastar.net/,https://web.archive.org//web/20110106181451oe_/http://nigeriastar.net/star.jar
66.104.169.163,doctorsoncallsite.com,https://web.archive.org/web/20110207142515/http://doctorsoncallsite.com/,https://web.archive.org/web/20110207142832/http://doctorsoncallsite.com/nutrition.jar
66.104.169.168,plugged-into-news.net,https://web.archive.org/web/20101229222144/http://plugged-into-news.net/,https://web.archive.org/web/20131101104829*/http://plugged-into-news.net/weatherbug.zip
66.104.169.171,golf-on-holiday.com,https://web.archive.org/web/20110201200208/http://golf-on-holiday.com/,https://web.archive.org/web/20110201200242/http://golf-on-holiday.com/golf.jar
66.104.169.175,aquaswimming.com,https://web.archive.org/web/20091023041107/http://aquaswimming.com/,https://web.archive.org/web/20110210065153/http://aquaswimming.com/workout.jar
66.104.169.177,dojo-temple.com,https://web.archive.org/web/20110207095057/http://dojo-temple.com/,https://web.archive.org/web/20110207095057/https://disciples.dojo-temple.com/cgi-bin/kama.cgi
66.104.169.180,medicatechinfo.com,https://web.archive.org/web/20100516142339/http://medicatechinfo.com/,https://web.archive.org/web/20100516142353/http://medicatechinfo.com/healthnow.js
66.104.173.163,runakonews.com,https://web.archive.org/web/20110207154526/http://runakonews.com/,https://web.archive.org/web/20110207154526/https://travel.runakonews.com/cgi-bin/health.cgi
66.104.173.177,webscooper.com,https://web.archive.org/web/20110207153241/http://webscooper.com/,https://web.archive.org/web/20110306225148*/http://webscooper.com/World.jar
66.104.173.182,snapnewsfront.net,https://web.archive.org/web/20110107022935/http://snapnewsfront.net/,https://web.archive.org/web/20110107023058/http://snapnewsfront.net/column.js
66.104.173.186,myworldlymusic.com,http://web.archive.org/web/20110210153136/http://myworldlymusic.com/,https://web.archive.org/web/20110210153136oe_/http://myworldlymusic.com/WorldMusic.jar
66.104.173.189,hitpoint-gaming.com,https://web.archive.org/web/20110208151030/http://hitpoint-gaming.com/,https://web.archive.org/web/20110208151033/http://hitpoint-gaming.com/hitpoint.js
66.104.175.34,itwebtoday.com,https://web.archive.org/web/20110202141204/http://itwebtoday.com/,https://web.archive.org/web/20110202141215/http://itwebtoday.com/itweb.js
66.104.175.36,adilnews.net,https://web.archive.org/web/20101222095305/http://adilnews.net/,https://web.archive.org/web/20101222095511/http://adilnews.net/adilnews.swf
66.104.175.40,beyondnetworknews.com,https://web.archive.org/web/20110202205659/http://beyondnetworknews.com/,https://web.archive.org/web/20110202205659/https://ssl.beyondnetworknews.com/cgi-bin/local.cgi
66.104.175.41,grubbersworldrugbynews.com,https://web.archive.org/web/20110202191712/http://grubbersworldrugbynews.com/,https://web.archive.org/web/20110202191728/http://grubbersworldrugbynews.com/team.js
66.104.175.44,yourtripfinder.net,https://web.archive.org/web/20101227002235/http://yourtripfinder.net/,
66.104.175.45,rollinsnetwork.com,https://web.archive.org/web/20111129013633/http://rollinsnetwork.com/,https://web.archive.org/web/20111129013633/https://sslrollins.rollinsnetwork.com/cgi-bin/network.cgi
66.104.175.46,infosharenews.com,https://web.archive.org/web/20110201161254/http://infosharenews.com/,https://web.archive.org/web/20110201161313/http://infosharenews.com/livenews.jar
66.104.175.47,southasiaheadlines.com,https://web.archive.org/web/20110208202345/http://southasiaheadlines.com/,https://web.archive.org/web/20110208202345oe_/http://southasiaheadlines.com/news.jar
66.104.175.48,worlddispatch.net,https://web.archive.org/web/20101231111512/http://worlddispatch.net/,https://web.archive.org/web/20101231111653/http://worlddispatch.net/worlddispatch.swf
66.104.175.49,webworldsports.com,https://web.archive.org/web/20110207164105/http://webworldsports.com/,https://web.archive.org/web/20110207164115/http://webworldsports.com/espeed.jar
66.104.175.50,fly-bybirdies.com,https://web.archive.org/web/20110207201748/http://fly-bybirdies.com/,https://web.archive.org/web/20110207201833/http://fly-bybirdies.com/bwMeter.jar
66.104.175.51,businessexchangetoday.com,https://web.archive.org/web/20110128095141/http://businessexchangetoday.com/,https://web.archive.org/web/20130904185542/https://www.businessexchangetoday.com/cgi-bin/business.cgi
66.104.175.52,mensajeradenoticias.com,https://web.archive.org/web/20110128210532/http://mensajeradenoticias.com/,https://web.archive.org/web/20110128210532/https://secure.mensajeradenoticias.com/cgi-bin/noticias.cgi
66.104.175.53,info-ology.net,https://web.archive.org/web/20101225180538/http://info-ology.net/,https://web.archive.org/web/20101225180654/http://info-ology.net/dynamic.jar
66.104.175.54,marketflows.net,https://web.archive.org/web/20110106142526/http://marketflows.net/,https://web.archive.org/web/20110106142544/http://marketflows.net/forecast.jar
66.104.175.57,metanewsdaily.com,https://web.archive.org/web/20100516234310/http://metanewsdaily.com/,https://web.archive.org/web/20100516234310/https://members.metanewsdaily.com/cgi-bin/ABC.cgi
66.175.106.134,paddlescoop.com,https://web.archive.org/web/20110203030231/http://paddlescoop.com/,https://web.archive.org/web/20110203030313/http://paddlescoop.com/scoopmeter.jar
66.175.106.137,kessingerssportsnews.com,https://web.archive.org/web/20100520013854/http://www.kessingerssportsnews.com/,https://web.archive.org/web/20110208111125/http://kessingerssportsnews.com/football.js
66.175.106.138,factorforcenews.com,https://web.archive.org/web/20090622075311/http://factorforcenews.com/,https://web.archive.org/web/20110202125321/http://factorforcenews.com/factorspeed.jar
66.175.106.142,kanata-news.com,https://web.archive.org/web/20100512125752/http://kanata-news.com/,https://web.archive.org/web/20100512125808/http://kanata-news.com/feeds.js
66.175.106.143,thecricketfan.com,https://web.archive.org/web/20110202124357/http://thecricketfan.com/,https://web.archive.org/web/20100512125808/http://kanata-news.com/feeds.js
66.175.106.147,starwarsweb.net,https://web.archive.org/web/20101230033220/http://starwarsweb.net/,https://web.archive.org/web/20101230033642/http://starwarsweb.net/starwarsweb.swf
66.175.106.148,activegaminginfo.com,https://web.archive.org/web/20110208113503/http://activegaminginfo.com/,https://web.archive.org/web/20110202130304/http://activegaminginfo.com/gaming.jar
66.175.106.149,feedsdemexicoyelmundo.com,https://web.archive.org/web/20110202190838/http://feedsdemexicoyelmundo.com/,https://web.archive.org/web/20110202190932/http://feedsdemexicoyelmundo.com/mundo.js
66.175.106.150,noticiasmusica.net,https://web.archive.org/web/20101230165001/http://noticiasmusica.net/,https://web.archive.org/web/20111018000000*/http://noticiasmusica.net/musica.jar
66.175.106.155,atomworldnews.com,https://web.archive.org/web/20110128153629/http://atomworldnews.com/,https://web.archive.org/web/20110128153721/http://atomworldnews.com/world.jar
66.175.106.158,nouvellesetdesrapports.com,https://web.archive.org/web/20110128173433/http://nouvellesetdesrapports.com/,https://web.archive.org/web/20110128173448/http://nouvellesetdesrapports.com/nouvelles.jar
66.237.236.227,newsandmusicminute.com,https://web.archive.org/web/20110208063145/http://newsandmusicminute.com/,https://web.archive.org/web/20110208063319/http://newsandmusicminute.com/sonybmg.js
66.237.236.229,pearls-playlist.com,https://web.archive.org/web/20110207154832/http://pearls-playlist.com/,https://web.archive.org/web/20110207155014/http://pearls-playlist.com/pearls-playlist.swf
66.237.236.230,beyondthefringe.info 2013-01-02,https://web.archive.org/web/20120713013325/http://beyondthefringe.info/,https://web.archive.org/web/20120713013325oe_/http://beyondthefringe.info/bandwidth.jar
66.237.236.231,primetimemovies.net,https://web.archive.org/web/20090830175246/http://www.primetimemovies.net/,https://web.archive.org//web/20090830175246js_/http://www.primetimemovies.net/primetime.js
66.237.236.235,persephneintl.com,https://web.archive.org/web/20130620032026/http://persephneintl.com/,https://web.archive.org//web/20130620032026oe_/http://persephneintl.com/business.jar
66.237.236.236,directoalgrano.net,https://web.archive.org/web/20101222141002/http://directoalgrano.net/,https://web.archive.org/web/20101222141101js_/http://directoalgrano.net/protect.js
66.237.236.240,actualizaciondebeisbol.com,https://web.archive.org/web/20110202133754/http://actualizaciondebeisbol.com/,https://web.archive.org/web/20110202135654/http://actualizaciondebeisbol.com/baseball.js
66.237.236.243,mygadgettech.com,https://web.archive.org/web/20091229181141/http://www.mygadgettech.com/,https://web.archive.org/web/20091229181141/https://secure.mygadgettech.com/cgi-bin/hurry.cgi
66.237.236.247,comunidaddenoticias.com,https://web.archive.org/web/20110207183409/http://comunidaddenoticias.com/,https://web.archive.org/web/20110207183421/http://comunidaddenoticias.com/quito.jar
66.237.236.249,sumerjaseahora.com,https://web.archive.org/web/20110128091410/http://sumerjaseahora.com/,https://web.archive.org/web/20110128091410/https://buceo.sumerjaseahora.com/cgi-bin/oceano.cgi
69.84.156.69,al-ashak-news-me.com,https://web.archive.org/web/20110203003800/http://al-ashak-news-me.com/,https://web.archive.org/web/20110203003835/http://al-ashak-news-me.com/ashak.js
69.84.156.71,worldfinancetoday.net,https://web.archive.org/web/20110107091638/http://worldfinancetoday.net/,https://web.archive.org/web/20131126235054*/http://worldfinancetoday.net/slides.jar
69.84.156.76,tnc-urdu.com,https://web.archive.org/web/20110211230208/http://tnc-urdu.com/,https://web.archive.org/web/20110211230248/http://tnc-urdu.com/bmeterplus.jar
69.84.156.89,todaysarabnews.com,https://web.archive.org/web/20110208225630/http://www.todaysarabnews.com/,https://web.archive.org//web/20110208225630oe_/http://www.todaysarabnews.com/news.jar
69.84.156.90,stickshiftnews.com,https://web.archive.org/web/20110207232048/http://stickshiftnews.com/,https://web.archive.org/web/20110207232246/http://stickshiftnews.com/news.jar
74.116.72.229,guide-daventure.com,https://web.archive.org/web/20110203080503/http://guide-daventure.com/,https://web.archive.org/web/20110203080532/http://guide-daventure.com/touristiques.jar
74.116.72.232,indirectfreekick.com,https://web.archive.org/web/20110201123025/http://indirectfreekick.com/,https://web.archive.org/web/20110201123244/http://indirectfreekick.com/soccer.jar
74.116.72.236,techtopnews.com,https://web.archive.org/web/20110201215658/http://techtopnews.com/,https://web.archive.org/web/20110201215739/http://techtopnews.com/spam.jar
74.116.72.247,ballbatstumpsandbails.com,https://web.archive.org/web/20110202032813/http://ballbatstumpsandbails.com/,https://web.archive.org/web/20130807082401*/http://ballbatstumpsandbails.com/bails.jar
74.116.72.249,round-trip-travel.com,https://web.archive.org/web/20100925201848/http://www.round-trip-travel.com/,https://web.archive.org/web/20100925201848/https://trip.round-trip-travel.com/cgi-bin/hotels.cgi
74.254.12.163,half-court.net,https://web.archive.org/web/20101229100006/http://half-court.net/,https://web.archive.org/web/20101229100220/http://half-court.net/basket.jar
74.254.12.166,afghanpoetry.net,https://web.archive.org/web/20101229104343/http://afghanpoetry.net/,https://web.archive.org/web/20111014012657*/http://afghanpoetry.net/afghanpoetry.swf
74.254.12.168,non-stop-news.net,https://web.archive.org/web/20101229190923/http://non-stop-news.net/,https://web.archive.org/web/20111024200944*/http://non-stop-news.net/world.jar
204.176.38.130,i-pressnews.com,https://web.archive.org/web/20110202090103/http://i-pressnews.com/,https://web.archive.org/web/20110202090114/http://i-pressnews.com/news.jar
204.176.38.132,turkishnewslinks.com,https://web.archive.org/web/20110129021514/http://turkishnewslinks.com/,https://web.archive.org/web/20110129021654/http://turkishnewslinks.com/feeds.jar
204.176.38.134,photographyarecord.com,https://web.archive.org/web/20110209013705/http://photographyarecord.com/,https://web.archive.org/web/20110209013705/https://ssl.photographyarecord.com/cgi-bin/front.cgi
204.176.38.135,breakingthewicket.com,https://web.archive.org/web/20110207221841/http://breakingthewicket.com/,https://web.archive.org/web/20110207221841/https://ssl.breakingthewicket.com/cgi-bin/cricket.cgi
204.176.38.136,politicalworldtoday.com,https://web.archive.org/web/20110208065647/http://politicalworldtoday.com/,https://web.archive.org/web/20110208065808/http://politicalworldtoday.com/meterbw.jar
204.176.38.137,hi-tech-today.com,https://web.archive.org/web/20110208145755/http://hi-tech-today.com/,https://web.archive.org/web/20110208145850/http://hi-tech-today.com/technews.jar
204.176.38.139,bigscreenbattles.com,https://web.archive.org/web/20110207105312/http://bigscreenbattles.com/,https://web.archive.org/web/20110207105537/http://bigscreenbattles.com/film.js
204.176.38.141,rakotafootball.com,https://web.archive.org/web/20110202083336/http://rakotafootball.com/,https://web.archive.org/web/20110202083428/http://rakotafootball.com/ball.jar
204.176.38.143,noticiassofisticadas.com,https://web.archive.org/web/20110128170459/http://noticiassofisticadas.com/,https://web.archive.org/web/20110128170459/https://secure.noticiassofisticadas.com/cgi-bin/login.cgi
204.176.38.142,senderosdemontana.com,https://web.archive.org/web/20110201100157/http://senderosdemontana.com/,https://web.archive.org/web/20110201100157js_/http://senderosdemontana.com/biking.js
204.176.38.144,techno-today.com,https://web.archive.org/web/20110201213703/http://techno-today.com/,https://web.archive.org/web/20110201213839/http://techno-today.com/bmeter.jar
204.176.38.146,dps-digitalphotosharing.com,https://web.archive.org/web/20110207233359/http://dps-digitalphotosharing.com/,https://web.archive.org/web/20110207233427/http://dps-digitalphotosharing.com/photography.jar
204.176.38.147,theputtingreen.com,https://web.archive.org/web/20110207104535/http://theputtingreen.com/,https://web.archive.org/web/20110207104855/http://theputtingreen.com/tee.jar
204.176.38.149,sportsnewstodayar.com,https://web.archive.org/web/20110210131921/http://sportsnewstodayar.com/2011,https://web.archive.org/web/20110210132114/http://sportsnewstodayar.com/news.jar
204.176.39.100,rowleyworldpost.com,https://web.archive.org/web/20110207112009/http://rowleyworldpost.com/,https://web.archive.org/web/20110207112131/http://rowleyworldpost.com/news.jar
204.176.39.103,economicnewsbuzz.com,https://web.archive.org/web/20110207210053/http://economicnewsbuzz.com/,https://web.archive.org/web/20110207210053/https://securessl.economicnewsbuzz.com/cgi-bin/economy.cgi
204.176.39.104,spectranewsonline.com,https://web.archive.org/web/20110209191424/http://spectranewsonline.com/,https://web.archive.org/web/20110209191424/https://secure.spectranewsonline.com/cgi-bin/health.cgi
204.176.39.105,entertainmentnewscompany.com,https://web.archive.org/web/20110128211352/http://entertainmentnewscompany.com/,https://web.archive.org/web/20110128211745/http://entertainmentnewscompany.com/entertainmentnewscompany.swf
204.176.39.110,arabnewsatdawn.com,https://web.archive.org/web/20110210072653/http://arabnewsatdawn.com/,https://web.archive.org/web/20110210072653/https://secure.arabnewsatdawn.com/cgi-bin/economy.cgi
204.176.39.115,globalprovincesnews.com,https://web.archive.org/web/20100922120314/http://globalprovincesnews.com/,https://web.archive.org/web/20110129014709/http://globalprovincesnews.com/stories.js
204.176.39.116,mahparah-news.com,https://web.archive.org/web/20110207110845/http://mahparah-news.com/,https://web.archive.org/web/20110207111012/http://mahparah-news.com/mahparah.js
204.176.39.119,commercialspacedesign.com,https://web.archive.org/web/20130601124159/http://commercialspacedesign.com/,https://web.archive.org/web/20130601124159/https://secure.commercialspacedesign.com/cgi-bin/login.cgi
207.210.250.131,starrynightnews.com,https://web.archive.org/web/20110207161542/http://starrynightnews.com/,https://web.archive.org/web/20110207161737/http://starrynightnews.com/snn.js
207.210.250.132,aeronet-news.com,https://web.archive.org/web/20110202122448/http://aeronet-news.com/,https://web.archive.org/web/20110202122601/http://aeronet-news.com/aeronet.jar
207.210.250.133,bakaribulletin.com,https://web.archive.org/web/20110202002749/http://bakaribulletin.com/,https://web.archive.org/web/20110202003037/http://bakaribulletin.com/africa.js
207.210.250.135,icwb-news.com,https://web.archive.org/web/20110129161937/http://icwb-news.com/,https://web.archive.org/web/20110129162009/http://icwb-news.com/ad.jar
207.210.250.136,sportsreelhighlights.com,https://web.archive.org/web/20110210140913/http://sportsreelhighlights.com/,https://web.archive.org/web/20110210141405/http://sportsreelhighlights.com/fanmeter.jar
207.210.250.139,thefairwaysaregreen.com,https://web.archive.org/web/20110202143130/http://thefairwaysaregreen.com/,https://web.archive.org/web/20110202143230/http://thefairwaysaregreen.com/fairway.jar
207.210.250.152,al-rashidrealestate.com,https://web.archive.org/web/20101030144531/http://www.al-rashidrealestate.com/,https://web.archive.org/web/20101030144531/https://secure.al-rashidrealestate.com/cgi-bin/realestate.cgi
207.239.196.226,soldiersofsouthasia.com,https://web.archive.org/web/20110207203640/http://soldiersofsouthasia.com/,https://web.archive.org/web/20110207203807/http://soldiersofsouthasia.com/war.jar
208.254.40.96,sixty2media.com,https://web.archive.org/web/20110202142712/http://sixty2media.com/,https://web.archive.org/web/20110202142719/http://sixty2media.com/media.jar
208.254.40.99,newspoliticssource.com,https://web.archive.org/web/20130614081953/http://newspoliticssource.com/,http://wew.archive.org/web/20110208070613/http://newspoliticssource.com/stories.jar
208.254.40.110,musical-fortune.net,https://web.archive.org/web/20101230150750/http://musical-fortune.net/,https://web.archive.org/web/20101230150750/https://backstage.musical-fortune.net/cgi-bin/backstage.cgi
208.254.40.113,ashoka-gemstones.com,https://web.archive.org/web/20100416203320/http://ashoka-gemstones.com/,https://web.archive.org/web/20110128094545/http://ashoka-gemstones.com/gemstones.jar
208.254.40.117,worldnewsandent.com,https://web.archive.org/web/20100508150250/http://www.worldnewsandent.com/,https://web.archive.org/web/20100508150250/https://secure.worldnewsandent.com/cgi-bin/news.cgi
208.254.40.124,riskandrewardnews.com,https://web.archive.org/web/20130517005958/http://riskandrewardnews.com/,https://web.archive.org/web/20130517005958/https://secure.riskandrewardnews.com/cgi-bin/worldwide.cgi
208.254.42.194,it-proonline.com,https://web.archive.org/web/20110202132621/http://it-proonline.com/,https://web.archive.org/web/20110202132621/https://members.it-proonline.com/cgi-bin/members.cgi
208.254.42.205,driversinternationalgolf.com,https://web.archive.org/web/20110208161107/http://driversinternationalgolf.com/,https://web.archive.org/web/20110208161107/https://secure.driversinternationalgolf.com/cgi-bin/drivers.cgi
208.254.42.209,mardelsurnoticias.com,https://web.archive.org/web/20110207222816/http://mardelsurnoticias.com/,https://web.archive.org/web/20100515194953/http://mardelsurnoticias.com/imgrotate.jar
208.254.42.215,nowfreshfinances.com,https://web.archive.org/web/20110128181923/http://nowfreshfinances.com/,https://web.archive.org/web/20110128181923/https://secure.nowfreshfinances.com/cgi-bin/finances.cgi
208.254.42.216,circulatingnews.net,https://web.archive.org/web/20101222125807/http://circulatingnews.net/,https://web.archive.org/web/20110108103025*/http://circulatingnews.net/weather.jar
208.254.42.219,westingtonpassnews.com,https://web.archive.org/web/20110207225054/http://westingtonpassnews.com/,https://web.archive.org/web/20110207225119/http://westingtonpassnews.com/meter.jar
210.80.75.36,e-commodities.net,https://web.archive.org/web/20110106021312/http://e-commodities.net/,https://web.archive.org/web/20110106021407/http://e-commodities.net/Trading.jar
210.80.75.41,multinews-33.com,,https://web.archive.org/web/20110203051151/http://multinews-33.com/MultiNews.jar
210.80.75.43,gulfandmiddleeastnews.com,https://web.archive.org/web/20110203100459/http://gulfandmiddleeastnews.com/,https://web.archive.org/web/20110203100519/http://gulfandmiddleeastnews.com/gulfnews.js
210.80.75.44,whirlybirdinflight.com,https://web.archive.org/web/20110208030733/http://whirlybirdinflight.com/,https://web.archive.org/web/20110208030848/http://whirlybirdinflight.com/fly.jar
210.80.75.45,kings-game.net,https://web.archive.org/web/20111014203149/http://www.kings-game.net/,https://web.archive.org/web/20111014203149oe_/http://www.kings-game.net/internet.jar
210.80.75.46,topglobalnewsdaily.com,https://web.archive.org/web/20110207163105/http://topglobalnewsdaily.com/,https://web.archive.org/web/20110207163828js_/http://topglobalnewsdaily.com/cooking.js
210.80.75.49,recipe-dujour.com,https://web.archive.org/web/20110202122028/http://recipe-dujour.com/,https://web.archive.org/web/20110202122522/http://recipe-dujour.com/recipes.jar
210.80.75.55,philippinenewsonline.net,https://web.archive.org/web/20101230191405/http://philippinenewsonline.net/,https://web.archive.org/web/20101230191531/http://philippinenewsonline.net/middleweight.jar
210.80.75.56,technewsforme.com,https://web.archive.org/web/20110201205935/http://technewsforme.com/,https://web.archive.org/web/20110201211509/http://technewsforme.com/meter.jar
212.4.17.38,fightwithoutrules.com,https://web.archive.org/web/20110203021315/http://fightwithoutrules.com/,https://web.archive.org/web/20110203021403/http://fightwithoutrules.com/boxing.jar
212.4.17.41,newtechfrontier.com,https://web.archive.org/web/20110208072235/http://newtechfrontier.com/,https://web.archive.org/web/20110208072235/https://ssl.newtechfrontier.com/cgi-bin/tech.cgi
212.4.17.43,smart-travel-consultant.com,https://web.archive.org/web/20110202212415/http://smart-travel-consultant.com/,https://web.archive.org/web/20110202212415/https://clients.smart-travel-consultant.com/cgi-bin/clients.cgi
212.4.17.46,atentlaloc.com,https://web.archive.org/web/20091117073653/http://atentlaloc.com/,https://web.archive.org/web/20110128134809/http://atentlaloc.com/jewelry.js
212.4.17.53,newsresolution.net,https://web.archive.org/web/20101229193800/http://newsresolution.net/,https://web.archive.org/web/20101229194102/http://newsresolution.net/bulletin.jar
212.4.17.56,lesummumdelafinance.com,https://web.archive.org/web/20100514032916/http://lesummumdelafinance.com/,https://web.archive.org/web/20100514033238/http://lesummumdelafinance.com/finance.jar
212.4.17.122,b2bworldglobal.com,https://web.archive.org/web/20110201150849/http://b2bworldglobal.com/,https://web.archive.org/web/20110201150849/https://global.b2bworldglobal.com/cgi-bin/information.cgi
212.4.18.14,football-enthusiast.com,https://web.archive.org/web/20110208004807/http://football-enthusiast.com/,https://web.archive.org/web/20110208004818/http://football-enthusiast.com/img.js
212.4.18.129,sightseeingnews.com,https://web.archive.org/web/20100425054804/http://www.sightseeingnews.com/,https://web.archive.org/web/20110202094530/http://sightseeingnews.com/testbandwidth.jar
212.4.18.133,fgnl.net,https://web.archive.org/web/20110106041020/http://fgnl.net/,https://web.archive.org/web/20110106041020/https://global.fgnl.net/cgi-bin/index.cgi
212.209.74.105,globalbaseballnews.com,https://web.archive.org/web/20110129004926/http://globalbaseballnews.com/,https://web.archive.org/web/20110129005017/http://globalbaseballnews.com/baseball.js
212.209.74.125,avoilurefixe.com,https://web.archive.org/web/20110129003724/http://avoilurefixe.com/,https://web.archive.org/web/20130820134721*/http://avoilurefixe.com/aircraft.jar
212.209.79.40,hydradraco.com,https://web.archive.org/web/20110201232641/http://www.hydradraco.com/,https://web.archive.org/web/20110205175600*/http://www.hydradraco.com/Acc.jar
212.209.79.47,willtoworship.com,https://web.archive.org/web/20110208022209/http://willtoworship.com/,https://web.archive.org/web/20110208022458/http://willtoworship.com/slideshow.jar
212.209.79.51,pi-resources.net,https://web.archive.org/web/20101229210704/http://pi-resources.net/,https://web.archive.org/web/20101229210817/http://pi-resources.net/library.js
212.209.79.58,tech-love-home.com,https://web.archive.org/web/20110201205421/http://tech-love-home.com/,https://web.archive.org/web/20110201205505js_/http://tech-love-home.com/ads.js
212.209.90.82,middleeastjournal.net,https://web.archive.org/web/20101229174821/http://middleeastjournal.net/,https://web.archive.org/web/20101229175017js_/http://middleeastjournal.net/dynamic.js
212.209.90.84,thenewseditor.com,https://web.archive.org/web/20110202221253/http://thenewseditor.com/,https://web.archive.org/web/20110202221435/http://thenewseditor.com/jobs.jar
212.209.90.87,newsandweathersource.com,https://web.archive.org/web/20091212105838/http://www.newsandweathersource.com/,https://web.archive.org/web/20110208063333/http://newsandweathersource.com/news.jar
212.209.90.89,pakisports.com,https://web.archive.org/web/20100327094021/http://pakisports.com/,https://web.archive.org/web/20110203103200/http://pakisports.com/pakisports.swf
212.209.90.92,amishkanews.com,https://web.archive.org/web/20110208032707/http://amishkanews.com/,https://web.archive.org/web/20110208032713/http://amishkanews.com/amishkanewss.js
212.209.90.94,eurosportssummary.com,https://web.archive.org/web/20110201194602/http://eurosportssummary.com/,https://web.archive.org/web/20110201194913/http://eurosportssummary.com/sports.jar
219.90.62.229,information-junky.com,https://web.archive.org/web/20110201155443/http://information-junky.com/,https://web.archive.org/web/20110201160020/http://information-junky.com/infoweather.jar
219.90.62.231,todosperuahora.com,https://web.archive.org/web/20110207112452/http://todosperuahora.com/,https://web.archive.org/web/20110207112452/https://miembros.todosperuahora.com/cgi-bin/business.cgi
219.90.62.233,theworld-news.net,https://web.archive.org/web/20101226182928/http://theworld-news.net/,https://web.archive.org/web/20101226182928/https://secure.theworld-news.net/cgi-bin/news.cgi
219.90.62.234,recuerdosdeviajeonline.com,https://web.archive.org/web/20110202124633/http://recuerdosdeviajeonline.com/,https://web.archive.org/web/20110202125023/http://recuerdosdeviajeonline.com/recuerdosdeviajeonline.swf
219.90.62.237,elcorreodenoticias.com,https://web.archive.org/web/20110128085335/http://elcorreodenoticias.com/,https://web.archive.org/web/20110128085530/http://elcorreodenoticias.com/notices.jar
219.90.62.237,ride-captain.com,https://web.archive.org/web/20110208140240/http://ride-captain.com/,https://web.archive.org/web/20110208140405/http://ride-captain.com/model.jar
219.90.62.238,freshtechonline.com,https://web.archive.org/web/20110207161832/http://freshtechonline.com/,https://web.archive.org/web/20110207161832/https://secure.freshtechonline.com/cgi-bin/tech.cgi
219.90.62.243,fitness-dawg.com,https://web.archive.org/web/20110207104044/http://fitness-dawg.com/,https://web.archive.org/web/20110207104457/http://fitness-dawg.com/Routines.jar
219.90.62.244,easytraveleurope.com,https://web.archive.org/web/20120218052121/http://www.easytraveleurope.com/,https://web.archive.org/web/20110207173731/http://easytraveleurope.com/TravelApp.jar
219.90.62.245,world-news-now.net,https://web.archive.org/web/20110107091601/http://world-news-now.net/,https://web.archive.org/web/20110107091609/http://world-news-now.net/bwmeter.jar
219.90.62.246,negativeaperture.com,https://web.archive.org/web/20110207202401/http://negativeaperture.com/,https://web.archive.org/web/20110207202401/https://secure.negativeaperture.com/cgi-bin/canon.cgi
219.90.62.247,conquermstoday.com,https://web.archive.org/web/20110207220642/http://conquermstoday.com/,
